<?xml version="1.0" encoding="UTF-8"?>
<GenRun Id="impl_1" LaunchPart="xc7a35tcpg236-1" LaunchTime="1745543316">
  <File Type="ROUTE-PWR" Name="TopLevel_Lab4_power_routed.rpt"/>
  <File Type="PA-TCL" Name="TopLevel_Lab4.tcl"/>
  <File Type="ROUTE-PWR-SUM" Name="TopLevel_Lab4_power_summary_routed.pb"/>
  <File Type="REPORTS-TCL" Name="TopLevel_Lab4_reports.tcl"/>
  <File Type="OPT-RQA-PB" Name="TopLevel_Lab4_rqa_opted.pb"/>
  <File Type="BITSTR-MMI" Name="TopLevel_Lab4.mmi"/>
  <File Type="OPT-METHODOLOGY-DRC" Name="TopLevel_Lab4_methodology_drc_opted.rpt"/>
  <File Type="INIT-TIMING" Name="TopLevel_Lab4_timing_summary_init.rpt"/>
  <File Type="OPT-TIMING" Name="TopLevel_Lab4_timing_summary_opted.rpt"/>
  <File Type="OPT-DCP" Name="TopLevel_Lab4_opt.dcp"/>
  <File Type="OPT-DRC" Name="TopLevel_Lab4_drc_opted.rpt"/>
  <File Type="OPT-HWDEF" Name="TopLevel_Lab4.hwdef"/>
  <File Type="PWROPT-DCP" Name="TopLevel_Lab4_pwropt.dcp"/>
  <File Type="PWROPT-DRC" Name="TopLevel_Lab4_drc_pwropted.rpt"/>
  <File Type="PWROPT-TIMING" Name="TopLevel_Lab4_timing_summary_pwropted.rpt"/>
  <File Type="PLACE-DCP" Name="TopLevel_Lab4_placed.dcp"/>
  <File Type="PLACE-IO" Name="TopLevel_Lab4_io_placed.rpt"/>
  <File Type="PLACE-CLK" Name="TopLevel_Lab4_clock_utilization_placed.rpt"/>
  <File Type="PLACE-UTIL" Name="TopLevel_Lab4_utilization_placed.rpt"/>
  <File Type="PLACE-UTIL-PB" Name="TopLevel_Lab4_utilization_placed.pb"/>
  <File Type="PLACE-CTRL" Name="TopLevel_Lab4_control_sets_placed.rpt"/>
  <File Type="PLACE-SIMILARITY" Name="TopLevel_Lab4_incremental_reuse_placed.rpt"/>
  <File Type="PLACE-PRE-SIMILARITY" Name="TopLevel_Lab4_incremental_reuse_pre_placed.rpt"/>
  <File Type="BG-BIN" Name="TopLevel_Lab4.bin"/>
  <File Type="PLACE-TIMING" Name="TopLevel_Lab4_timing_summary_placed.rpt"/>
  <File Type="ROUTE-PWR-RPX" Name="TopLevel_Lab4_power_routed.rpx"/>
  <File Type="PLACE-RQA-PB" Name="TopLevel_Lab4_rqa_placed.pb"/>
  <File Type="POSTPLACE-PWROPT-DCP" Name="TopLevel_Lab4_postplace_pwropt.dcp"/>
  <File Type="BITSTR-MSK" Name="TopLevel_Lab4.msk"/>
  <File Type="POSTPLACE-PWROPT-TIMING" Name="TopLevel_Lab4_timing_summary_postplace_pwropted.rpt"/>
  <File Type="PHYSOPT-DCP" Name="TopLevel_Lab4_physopt.dcp"/>
  <File Type="PHYSOPT-DRC" Name="TopLevel_Lab4_drc_physopted.rpt"/>
  <File Type="BITSTR-RBT" Name="TopLevel_Lab4.rbt"/>
  <File Type="PHYSOPT-TIMING" Name="TopLevel_Lab4_timing_summary_physopted.rpt"/>
  <File Type="ROUTE-ERROR-DCP" Name="TopLevel_Lab4_routed_error.dcp"/>
  <File Type="ROUTE-DCP" Name="TopLevel_Lab4_routed.dcp"/>
  <File Type="ROUTE-BLACKBOX-DCP" Name="TopLevel_Lab4_routed_bb.dcp"/>
  <File Type="ROUTE-DRC" Name="TopLevel_Lab4_drc_routed.rpt"/>
  <File Type="ROUTE-DRC-PB" Name="TopLevel_Lab4_drc_routed.pb"/>
  <File Type="ROUTE-DRC-RPX" Name="TopLevel_Lab4_drc_routed.rpx"/>
  <File Type="ROUTE-METHODOLOGY-DRC" Name="TopLevel_Lab4_methodology_drc_routed.rpt"/>
  <File Type="ROUTE-METHODOLOGY-DRC-RPX" Name="TopLevel_Lab4_methodology_drc_routed.rpx"/>
  <File Type="ROUTE-METHODOLOGY-DRC-PB" Name="TopLevel_Lab4_methodology_drc_routed.pb"/>
  <File Type="ROUTE-RQS-PB" Name="TopLevel_Lab4_rqs_routed.pb"/>
  <File Type="ROUTE-STATUS" Name="TopLevel_Lab4_route_status.rpt"/>
  <File Type="ROUTE-STATUS-PB" Name="TopLevel_Lab4_route_status.pb"/>
  <File Type="ROUTE-TIMINGSUMMARY" Name="TopLevel_Lab4_timing_summary_routed.rpt"/>
  <File Type="ROUTE-TIMING-PB" Name="TopLevel_Lab4_timing_summary_routed.pb"/>
  <File Type="ROUTE-TIMING-RPX" Name="TopLevel_Lab4_timing_summary_routed.rpx"/>
  <File Type="ROUTE-SIMILARITY" Name="TopLevel_Lab4_incremental_reuse_routed.rpt"/>
  <File Type="ROUTE-CLK" Name="TopLevel_Lab4_clock_utilization_routed.rpt"/>
  <File Type="ROUTE-BUS-SKEW" Name="TopLevel_Lab4_bus_skew_routed.rpt"/>
  <File Type="ROUTE-BUS-SKEW-PB" Name="TopLevel_Lab4_bus_skew_routed.pb"/>
  <File Type="ROUTE-BUS-SKEW-RPX" Name="TopLevel_Lab4_bus_skew_routed.rpx"/>
  <File Type="POSTROUTE-PHYSOPT-DCP" Name="TopLevel_Lab4_postroute_physopt.dcp"/>
  <File Type="POSTROUTE-PHYSOPT-BLACKBOX-DCP" Name="TopLevel_Lab4_postroute_physopt_bb.dcp"/>
  <File Type="POSTROUTE-PHYSOPT-TIMING" Name="TopLevel_Lab4_timing_summary_postroute_physopted.rpt"/>
  <File Type="POSTROUTE-PHYSOPT-TIMING-PB" Name="TopLevel_Lab4_timing_summary_postroute_physopted.pb"/>
  <File Type="POSTROUTE-PHYSOPT-TIMING-RPX" Name="TopLevel_Lab4_timing_summary_postroute_physopted.rpx"/>
  <File Type="POSTROUTE-PHYSOPT-BUS-SKEW" Name="TopLevel_Lab4_bus_skew_postroute_physopted.rpt"/>
  <File Type="BG-BIT" Name="TopLevel_Lab4.bit"/>
  <File Type="POSTROUTE-PHYSOPT-BUS-SKEW-PB" Name="TopLevel_Lab4_bus_skew_postroute_physopted.pb"/>
  <File Type="POSTROUTE-PHYSOPT-BUS-SKEW-RPX" Name="TopLevel_Lab4_bus_skew_postroute_physopted.rpx"/>
  <File Type="BITSTR-NKY" Name="TopLevel_Lab4.nky"/>
  <File Type="BITSTR-BMM" Name="TopLevel_Lab4_bd.bmm"/>
  <File Type="PDI-FILE" Name="TopLevel_Lab4.pdi"/>
  <File Type="BOOT-PDI-FILE" Name="TopLevel_Lab4_boot.pdi"/>
  <File Type="PL-PDI-FILE" Name="TopLevel_Lab4_pld.pdi"/>
  <File Type="RCFI_FILE" Name="TopLevel_Lab4.rcfi"/>
  <File Type="CFI_FILE" Name="TopLevel_Lab4.cfi"/>
  <File Type="RNPI_FILE" Name="TopLevel_Lab4.rnpi"/>
  <File Type="NPI_FILE" Name="TopLevel_Lab4.npi"/>
  <File Type="RBD_FILE" Name="TopLevel_Lab4.rbd"/>
  <File Type="BITSTR-LTX" Name="debug_nets.ltx"/>
  <File Type="BITSTR-LTX" Name="TopLevel_Lab4.ltx"/>
  <File Type="BITSTR-SYSDEF" Name="TopLevel_Lab4.sysdef"/>
  <File Type="BG-BGN" Name="TopLevel_Lab4.bgn"/>
  <File Type="BG-DRC" Name="TopLevel_Lab4.drc"/>
  <File Type="RDI-RDI" Name="TopLevel_Lab4.vdi"/>
  <File Type="WBT-USG" Name="usage_statistics_webtalk.html"/>
  <File Type="ROUTE-RQS" Name="TopLevel_Lab4_routed.rqs"/>
  <File Type="POSTROUTE-PHYSOPT-RQS" Name="TopLevel_Lab4_postroute_physopted.rqs"/>
  <File Type="ROUTE-RQS-RPT" Name="route_report_qor_suggestions_0.rpt"/>
  <File Type="POSTROUTE-PHYSOPT-RQS-RPT" Name="postroute_physopt_report_qor_suggestions_0.rpt"/>
  <FileSet Name="sources" Type="DesignSrcs" RelSrcDir="$PSRCDIR/sources_1" RelGenDir="$PGENDIR/sources_1">
    <Filter Type="Srcs"/>
    <File Path="$PSRCDIR/sources_1/new/pc.vhd">
      <FileInfo>
        <Attr Name="UsedIn" Val="synthesis"/>
        <Attr Name="UsedIn" Val="simulation"/>
      </FileInfo>
    </File>
    <File Path="$PSRCDIR/sources_1/new/pcadder.vhd">
      <FileInfo>
        <Attr Name="UsedIn" Val="synthesis"/>
        <Attr Name="UsedIn" Val="simulation"/>
      </FileInfo>
    </File>
    <File Path="$PSRCDIR/sources_1/new/instmem.vhd">
      <FileInfo>
        <Attr Name="UsedIn" Val="synthesis"/>
        <Attr Name="UsedIn" Val="simulation"/>
      </FileInfo>
    </File>
    <File Path="$PSRCDIR/sources_1/new/sign_ext.vhd">
      <FileInfo>
        <Attr Name="UsedIn" Val="synthesis"/>
        <Attr Name="UsedIn" Val="simulation"/>
      </FileInfo>
    </File>
    <File Path="$PSRCDIR/sources_1/new/RegDstMux.vhd">
      <FileInfo>
        <Attr Name="UsedIn" Val="synthesis"/>
        <Attr Name="UsedIn" Val="simulation"/>
      </FileInfo>
    </File>
    <File Path="$PSRCDIR/sources_1/new/RegFile.vhd">
      <FileInfo>
        <Attr Name="UsedIn" Val="synthesis"/>
        <Attr Name="UsedIn" Val="simulation"/>
      </FileInfo>
    </File>
    <File Path="$PSRCDIR/sources_1/new/control.vhd">
      <FileInfo>
        <Attr Name="UsedIn" Val="synthesis"/>
        <Attr Name="UsedIn" Val="simulation"/>
      </FileInfo>
    </File>
    <File Path="$PSRCDIR/sources_1/new/ALUSrcMux.vhd">
      <FileInfo>
        <Attr Name="UsedIn" Val="synthesis"/>
        <Attr Name="UsedIn" Val="simulation"/>
      </FileInfo>
    </File>
    <File Path="$PSRCDIR/sources_1/new/alu_control.vhd">
      <FileInfo>
        <Attr Name="UsedIn" Val="synthesis"/>
        <Attr Name="UsedIn" Val="simulation"/>
      </FileInfo>
    </File>
    <File Path="$PSRCDIR/sources_1/new/alu.vhd">
      <FileInfo>
        <Attr Name="UsedIn" Val="synthesis"/>
        <Attr Name="UsedIn" Val="simulation"/>
      </FileInfo>
    </File>
    <File Path="$PSRCDIR/sources_1/new/DataMem.vhd">
      <FileInfo>
        <Attr Name="UsedIn" Val="synthesis"/>
        <Attr Name="UsedIn" Val="simulation"/>
      </FileInfo>
    </File>
    <File Path="$PSRCDIR/sources_1/new/WriteBackMux.vhd">
      <FileInfo>
        <Attr Name="UsedIn" Val="synthesis"/>
        <Attr Name="UsedIn" Val="simulation"/>
      </FileInfo>
    </File>
    <File Path="$PSRCDIR/sources_1/new/branch_logic.vhd">
      <FileInfo>
        <Attr Name="UsedIn" Val="synthesis"/>
        <Attr Name="UsedIn" Val="simulation"/>
      </FileInfo>
    </File>
    <File Path="$PSRCDIR/sources_1/new/shift_left_two.vhd">
      <FileInfo>
        <Attr Name="UsedIn" Val="synthesis"/>
        <Attr Name="UsedIn" Val="simulation"/>
      </FileInfo>
    </File>
    <File Path="$PSRCDIR/sources_1/new/branch_adder.vhd">
      <FileInfo>
        <Attr Name="UsedIn" Val="synthesis"/>
        <Attr Name="UsedIn" Val="simulation"/>
      </FileInfo>
    </File>
    <File Path="$PSRCDIR/sources_1/new/BranchMux.vhd">
      <FileInfo>
        <Attr Name="UsedIn" Val="synthesis"/>
        <Attr Name="UsedIn" Val="simulation"/>
      </FileInfo>
    </File>
    <File Path="$PSRCDIR/sources_1/new/jumpLogic.vhd">
      <FileInfo>
        <Attr Name="UsedIn" Val="synthesis"/>
        <Attr Name="UsedIn" Val="simulation"/>
      </FileInfo>
    </File>
    <File Path="$PSRCDIR/sources_1/new/jumpOutMux.vhd">
      <FileInfo>
        <Attr Name="UsedIn" Val="synthesis"/>
        <Attr Name="UsedIn" Val="simulation"/>
      </FileInfo>
    </File>
    <File Path="$PSRCDIR/sources_1/new/jmpSrcMux.vhd">
      <FileInfo>
        <Attr Name="UsedIn" Val="synthesis"/>
        <Attr Name="UsedIn" Val="simulation"/>
      </FileInfo>
    </File>
    <File Path="$PSRCDIR/sources_1/bd/design_1/design_1.bd">
      <FileInfo>
        <Attr Name="UsedIn" Val="synthesis"/>
        <Attr Name="UsedIn" Val="implementation"/>
        <Attr Name="UsedIn" Val="simulation"/>
      </FileInfo>
    </File>
    <File Path="$PGENDIR/sources_1/bd/design_1/hdl/design_1_wrapper.vhd">
      <FileInfo>
        <Attr Name="UsedIn" Val="synthesis"/>
        <Attr Name="UsedIn" Val="simulation"/>
      </FileInfo>
    </File>
    <File Path="$PSRCDIR/sources_1/new/btn_debounce.vhd">
      <FileInfo>
        <Attr Name="UsedIn" Val="synthesis"/>
        <Attr Name="UsedIn" Val="simulation"/>
      </FileInfo>
    </File>
    <File Path="$PSRCDIR/sources_1/new/debouncer.vhd">
      <FileInfo>
        <Attr Name="UsedIn" Val="synthesis"/>
        <Attr Name="UsedIn" Val="simulation"/>
      </FileInfo>
    </File>
    <File Path="$PSRCDIR/sources_1/new/TopLevel_Lab4.vhd">
      <FileInfo>
        <Attr Name="UsedIn" Val="synthesis"/>
        <Attr Name="UsedIn" Val="simulation"/>
      </FileInfo>
    </File>
    <Config>
      <Option Name="DesignMode" Val="RTL"/>
      <Option Name="TopModule" Val="TopLevel_Lab4"/>
      <Option Name="TopAutoSet" Val="TRUE"/>
    </Config>
  </FileSet>
  <FileSet Name="constrs_in" Type="Constrs" RelSrcDir="$PSRCDIR/constrs_1" RelGenDir="$PGENDIR/constrs_1">
    <Filter Type="Constrs"/>
    <File Path="$PSRCDIR/constrs_1/imports/Lab  4/mips.xdc">
      <FileInfo>
        <Attr Name="ImportPath" Val="$PPRDIR/mips.xdc"/>
        <Attr Name="ImportTime" Val="1745537816"/>
        <Attr Name="UsedIn" Val="synthesis"/>
        <Attr Name="UsedIn" Val="implementation"/>
      </FileInfo>
    </File>
    <Config>
      <Option Name="ConstrsType" Val="XDC"/>
    </Config>
  </FileSet>
  <FileSet Name="utils" Type="Utils" RelSrcDir="$PSRCDIR/utils_1" RelGenDir="$PGENDIR/utils_1">
    <Filter Type="Utils"/>
    <File Path="$PSRCDIR/utils_1/imports/synth_1/TopLevel_Lab4.dcp">
      <FileInfo>
        <Attr Name="UsedIn" Val="synthesis"/>
        <Attr Name="UsedIn" Val="implementation"/>
        <Attr Name="UsedInSteps" Val="synth_1"/>
        <Attr Name="AutoDcp" Val="1"/>
      </FileInfo>
    </File>
    <Config>
      <Option Name="TopAutoSet" Val="TRUE"/>
    </Config>
  </FileSet>
  <Strategy Version="1" Minor="2">
    <StratHandle Name="Vivado Implementation Defaults" Flow="Vivado Implementation 2023"/>
    <Step Id="init_design"/>
    <Step Id="opt_design"/>
    <Step Id="power_opt_design"/>
    <Step Id="place_design"/>
    <Step Id="post_place_power_opt_design"/>
    <Step Id="phys_opt_design"/>
    <Step Id="route_design"/>
    <Step Id="post_route_phys_opt_design"/>
    <Step Id="write_bitstream"/>
  </Strategy>
  <BlockFileSet Type="BlockSrcs" Name="design_1_jmpSrcMux_0_0"/>
  <BlockFileSet Type="BlockSrcs" Name="design_1_pc_0_0"/>
  <BlockFileSet Type="BlockSrcs" Name="design_1_pcadder_0_0"/>
  <BlockFileSet Type="BlockSrcs" Name="design_1_RegFile_0_0"/>
  <BlockFileSet Type="BlockSrcs" Name="design_1_jumpLogic_0_0"/>
  <BlockFileSet Type="BlockSrcs" Name="design_1_jumpOutMux_0_0"/>
  <BlockFileSet Type="BlockSrcs" Name="design_1_ALUSrcMux_0_0"/>
  <BlockFileSet Type="BlockSrcs" Name="design_1_branch_adder_0_0"/>
  <BlockFileSet Type="BlockSrcs" Name="design_1_shift_left_two_0_0"/>
  <BlockFileSet Type="BlockSrcs" Name="design_1_branch_logic_0_0"/>
  <BlockFileSet Type="BlockSrcs" Name="design_1_BranchMux_0_0"/>
  <BlockFileSet Type="BlockSrcs" Name="design_1_DataMem_0_0"/>
  <BlockFileSet Type="BlockSrcs" Name="design_1_shift_left_two_1_0"/>
  <BlockFileSet Type="BlockSrcs" Name="design_1_WriteBackMux_0_0"/>
  <BlockFileSet Type="BlockSrcs" Name="design_1_instmem_0_0"/>
  <BlockFileSet Type="BlockSrcs" Name="design_1_control_0_0"/>
  <BlockFileSet Type="BlockSrcs" Name="design_1_sign_ext_0_0"/>
  <BlockFileSet Type="BlockSrcs" Name="design_1_RegDstMux_0_0"/>
  <BlockFileSet Type="BlockSrcs" Name="design_1_alu_control_0_0"/>
</GenRun>
