<?xml version="1.0"?>
<Runs Version="1" Minor="0">
	<Run Id="design_1_ALUSrcMux_0_0_synth_1" LaunchDir="C:/Users/ember/Documents/ECE 445 Computer Organization/Labs/Lab  4/Lab  4.runs/design_1_ALUSrcMux_0_0_synth_1" FlowId="Vivado_Synthesis" FromStepId="vivado" ToStepId="vivado"/>
	<Run Id="design_1_RegDstMux_0_0_synth_1" LaunchDir="C:/Users/ember/Documents/ECE 445 Computer Organization/Labs/Lab  4/Lab  4.runs/design_1_RegDstMux_0_0_synth_1" FlowId="Vivado_Synthesis" FromStepId="vivado" ToStepId="vivado"/>
	<Run Id="design_1_RegFile_0_0_synth_1" LaunchDir="C:/Users/ember/Documents/ECE 445 Computer Organization/Labs/Lab  4/Lab  4.runs/design_1_RegFile_0_0_synth_1" FlowId="Vivado_Synthesis" FromStepId="vivado" ToStepId="vivado"/>
	<Run Id="design_1_alu_0_0_synth_1" LaunchDir="C:/Users/ember/Documents/ECE 445 Computer Organization/Labs/Lab  4/Lab  4.runs/design_1_alu_0_0_synth_1" FlowId="Vivado_Synthesis" FromStepId="vivado" ToStepId="vivado"/>
	<Run Id="design_1_alu_control_0_0_synth_1" LaunchDir="C:/Users/ember/Documents/ECE 445 Computer Organization/Labs/Lab  4/Lab  4.runs/design_1_alu_control_0_0_synth_1" FlowId="Vivado_Synthesis" FromStepId="vivado" ToStepId="vivado"/>
	<Run Id="design_1_control_0_0_synth_1" LaunchDir="C:/Users/ember/Documents/ECE 445 Computer Organization/Labs/Lab  4/Lab  4.runs/design_1_control_0_0_synth_1" FlowId="Vivado_Synthesis" FromStepId="vivado" ToStepId="vivado"/>
	<Run Id="design_1_instmem_0_0_synth_1" LaunchDir="C:/Users/ember/Documents/ECE 445 Computer Organization/Labs/Lab  4/Lab  4.runs/design_1_instmem_0_0_synth_1" FlowId="Vivado_Synthesis" FromStepId="vivado" ToStepId="vivado"/>
	<Run Id="design_1_pc_0_0_synth_1" LaunchDir="C:/Users/ember/Documents/ECE 445 Computer Organization/Labs/Lab  4/Lab  4.runs/design_1_pc_0_0_synth_1" FlowId="Vivado_Synthesis" FromStepId="vivado" ToStepId="vivado"/>
	<Run Id="design_1_pcadder_0_0_synth_1" LaunchDir="C:/Users/ember/Documents/ECE 445 Computer Organization/Labs/Lab  4/Lab  4.runs/design_1_pcadder_0_0_synth_1" FlowId="Vivado_Synthesis" FromStepId="vivado" ToStepId="vivado"/>
	<Run Id="design_1_sign_ext_0_0_synth_1" LaunchDir="C:/Users/ember/Documents/ECE 445 Computer Organization/Labs/Lab  4/Lab  4.runs/design_1_sign_ext_0_0_synth_1" FlowId="Vivado_Synthesis" FromStepId="vivado" ToStepId="vivado"/>
	<Parameters>
		<Parameter Name="runs.monitorLSFJobs" Val="true" Type="bool"/>
		<Parameter Name="runs.enableClusterConf" Val="true" Type="bool"/>
		<Parameter Name="general.shortenLongPath" Val="true" Type="bool"/>
	</Parameters>
	<ProductInfo Name="vivado"/>
</Runs>

