<?xml version="1.0"?>
<Runs Version="1" Minor="0">
	<Run Id="design_1_jumpLogic_0_0_synth_1" LaunchDir="C:/Users/ember/Documents/ECE 445 Computer Organization/Labs/Lab  4/Lab  4.runs/design_1_jumpLogic_0_0_synth_1" FlowId="Vivado_Synthesis" FromStepId="vivado" ToStepId="vivado"/>
	<Run Id="design_1_jumpOutMux_0_0_synth_1" LaunchDir="C:/Users/ember/Documents/ECE 445 Computer Organization/Labs/Lab  4/Lab  4.runs/design_1_jumpOutMux_0_0_synth_1" FlowId="Vivado_Synthesis" FromStepId="vivado" ToStepId="vivado"/>
	<Run Id="design_1_jmpSrcMux_0_0_synth_1" LaunchDir="C:/Users/ember/Documents/ECE 445 Computer Organization/Labs/Lab  4/Lab  4.runs/design_1_jmpSrcMux_0_0_synth_1" FlowId="Vivado_Synthesis" FromStepId="vivado" ToStepId="vivado"/>
	<Run Id="design_1_branch_logic_0_0_synth_1" LaunchDir="C:/Users/ember/Documents/ECE 445 Computer Organization/Labs/Lab  4/Lab  4.runs/design_1_branch_logic_0_0_synth_1" FlowId="Vivado_Synthesis" FromStepId="vivado" ToStepId="vivado"/>
	<Run Id="design_1_shift_left_two_0_0_synth_1" LaunchDir="C:/Users/ember/Documents/ECE 445 Computer Organization/Labs/Lab  4/Lab  4.runs/design_1_shift_left_two_0_0_synth_1" FlowId="Vivado_Synthesis" FromStepId="vivado" ToStepId="vivado"/>
	<Run Id="design_1_branch_adder_0_0_synth_1" LaunchDir="C:/Users/ember/Documents/ECE 445 Computer Organization/Labs/Lab  4/Lab  4.runs/design_1_branch_adder_0_0_synth_1" FlowId="Vivado_Synthesis" FromStepId="vivado" ToStepId="vivado"/>
	<Run Id="design_1_BranchMux_0_0_synth_1" LaunchDir="C:/Users/ember/Documents/ECE 445 Computer Organization/Labs/Lab  4/Lab  4.runs/design_1_BranchMux_0_0_synth_1" FlowId="Vivado_Synthesis" FromStepId="vivado" ToStepId="vivado"/>
	<Run Id="design_1_DataMem_0_0_synth_1" LaunchDir="C:/Users/ember/Documents/ECE 445 Computer Organization/Labs/Lab  4/Lab  4.runs/design_1_DataMem_0_0_synth_1" FlowId="Vivado_Synthesis" FromStepId="vivado" ToStepId="vivado"/>
	<Run Id="design_1_shift_left_two_1_0_synth_1" LaunchDir="C:/Users/ember/Documents/ECE 445 Computer Organization/Labs/Lab  4/Lab  4.runs/design_1_shift_left_two_1_0_synth_1" FlowId="Vivado_Synthesis" FromStepId="vivado" ToStepId="vivado"/>
	<Run Id="design_1_WriteBackMux_0_0_synth_1" LaunchDir="C:/Users/ember/Documents/ECE 445 Computer Organization/Labs/Lab  4/Lab  4.runs/design_1_WriteBackMux_0_0_synth_1" FlowId="Vivado_Synthesis" FromStepId="vivado" ToStepId="vivado"/>
	<Run Id="design_1_instmem_0_0_synth_1" LaunchDir="C:/Users/ember/Documents/ECE 445 Computer Organization/Labs/Lab  4/Lab  4.runs/design_1_instmem_0_0_synth_1" FlowId="Vivado_Synthesis" FromStepId="vivado" ToStepId="vivado"/>
	<Run Id="design_1_sign_ext_0_0_synth_1" LaunchDir="C:/Users/ember/Documents/ECE 445 Computer Organization/Labs/Lab  4/Lab  4.runs/design_1_sign_ext_0_0_synth_1" FlowId="Vivado_Synthesis" FromStepId="vivado" ToStepId="vivado"/>
	<Run Id="design_1_RegDstMux_0_0_synth_1" LaunchDir="C:/Users/ember/Documents/ECE 445 Computer Organization/Labs/Lab  4/Lab  4.runs/design_1_RegDstMux_0_0_synth_1" FlowId="Vivado_Synthesis" FromStepId="vivado" ToStepId="vivado"/>
	<Run Id="design_1_control_0_0_synth_1" LaunchDir="C:/Users/ember/Documents/ECE 445 Computer Organization/Labs/Lab  4/Lab  4.runs/design_1_control_0_0_synth_1" FlowId="Vivado_Synthesis" FromStepId="vivado" ToStepId="vivado"/>
	<Run Id="design_1_alu_control_0_0_synth_1" LaunchDir="C:/Users/ember/Documents/ECE 445 Computer Organization/Labs/Lab  4/Lab  4.runs/design_1_alu_control_0_0_synth_1" FlowId="Vivado_Synthesis" FromStepId="vivado" ToStepId="vivado"/>
	<Run Id="synth_1" LaunchDir="C:/Users/ember/Documents/ECE 445 Computer Organization/Labs/Lab  4/Lab  4.runs/synth_1" FlowId="Vivado_Synthesis" FromStepId="vivado" ToStepId="vivado">
		<Parent Id="design_1_jumpLogic_0_0_synth_1"/>
		<Parent Id="design_1_jumpOutMux_0_0_synth_1"/>
		<Parent Id="design_1_jmpSrcMux_0_0_synth_1"/>
		<Parent Id="design_1_branch_logic_0_0_synth_1"/>
		<Parent Id="design_1_shift_left_two_0_0_synth_1"/>
		<Parent Id="design_1_branch_adder_0_0_synth_1"/>
		<Parent Id="design_1_BranchMux_0_0_synth_1"/>
		<Parent Id="design_1_DataMem_0_0_synth_1"/>
		<Parent Id="design_1_shift_left_two_1_0_synth_1"/>
		<Parent Id="design_1_WriteBackMux_0_0_synth_1"/>
		<Parent Id="design_1_instmem_0_0_synth_1"/>
		<Parent Id="design_1_sign_ext_0_0_synth_1"/>
		<Parent Id="design_1_RegDstMux_0_0_synth_1"/>
		<Parent Id="design_1_control_0_0_synth_1"/>
		<Parent Id="design_1_alu_control_0_0_synth_1"/>
	</Run>
	<Run Id="impl_1" LaunchDir="C:/Users/ember/Documents/ECE 445 Computer Organization/Labs/Lab  4/Lab  4.runs/impl_1" FlowId="Vivado_Implementation" FromStepId="init_design" ToStepId="route_design">
		<Parent Id="synth_1"/>
		<Parent Id="design_1_jumpLogic_0_0_synth_1"/>
		<Parent Id="design_1_jumpOutMux_0_0_synth_1"/>
		<Parent Id="design_1_jmpSrcMux_0_0_synth_1"/>
		<Parent Id="design_1_branch_logic_0_0_synth_1"/>
		<Parent Id="design_1_shift_left_two_0_0_synth_1"/>
		<Parent Id="design_1_branch_adder_0_0_synth_1"/>
		<Parent Id="design_1_BranchMux_0_0_synth_1"/>
		<Parent Id="design_1_DataMem_0_0_synth_1"/>
		<Parent Id="design_1_shift_left_two_1_0_synth_1"/>
		<Parent Id="design_1_WriteBackMux_0_0_synth_1"/>
		<Parent Id="design_1_instmem_0_0_synth_1"/>
		<Parent Id="design_1_sign_ext_0_0_synth_1"/>
		<Parent Id="design_1_RegDstMux_0_0_synth_1"/>
		<Parent Id="design_1_control_0_0_synth_1"/>
		<Parent Id="design_1_alu_control_0_0_synth_1"/>
	</Run>
	<Parameters>
		<Parameter Name="runs.monitorLSFJobs" Val="true" Type="bool"/>
		<Parameter Name="runs.enableClusterConf" Val="true" Type="bool"/>
		<Parameter Name="general.shortenLongPath" Val="true" Type="bool"/>
	</Parameters>
	<ProductInfo Name="vivado"/>
</Runs>

